Loan_ID,Gender,Married,Dependents,Education,Self_Employed,ApplicantIncome,CoapplicantIncome,LoanAmount,Loan_Amount_Term,Credit_History,Property_Area,Loan_Status
lp001002,male,no,0,graduate,no,5849,0,1,360,1,urban,y
lp001003,male,yes,1,graduate,no,4583,1508,128,360,1,rural,n
lp001005,male,yes,0,graduate,yes,3000,0,66,360,1,urban,y
lp001006,male,yes,0,not graduate,no,2583,2358,120,360,1,urban,y
lp001008,male,no,0,graduate,no,6000,0,141,360,1,urban,y
lp001011,male,yes,2,graduate,yes,5417,4196,267,360,1,urban,y
lp001013,male,yes,0,not graduate,no,2333,1516,95,360,1,urban,y
lp001014,male,yes,3,graduate,no,3036,2504,158,360,0,semiurban,n
lp001018,male,yes,2,graduate,no,4006,1526,168,360,1,urban,y
lp001020,male,yes,1,graduate,no,12841,10968,349,360,1,semiurban,n
lp001024,male,yes,2,graduate,no,3200,700,70,360,1,urban,y
lp001027,male,yes,2,graduate,no,2500,1840,109,360,1,urban,y
lp001028,male,yes,2,graduate,no,3073,8106,200,360,1,urban,y
lp001029,male,no,0,graduate,no,1853,2840,114,360,1,rural,n
lp001030,male,yes,2,graduate,no,1299,1086,17,120,1,urban,y
lp001032,male,no,0,graduate,no,4950,0,125,360,1,urban,y
lp001034,male,no,1,not graduate,no,3596,0,100,240,1,urban,y
lp001036,female,no,0,graduate,no,3510,0,76,360,0,urban,n
lp001038,male,yes,0,not graduate,no,4887,0,133,360,1,rural,n
lp001041,male,yes,0,graduate,no,2600,3500,115,342,1,urban,y
lp001043,male,yes,0,not graduate,no,7660,0,104,360,0,urban,n
lp001046,male,yes,1,graduate,no,5955,5625,315,360,1,urban,y
lp001047,male,yes,0,not graduate,no,2600,1911,116,360,0,semiurban,n
lp001050,male,yes,2,not graduate,no,3365,1917,112,360,0,rural,n
lp001052,male,yes,1,graduate,no,3717,2925,151,360,1,semiurban,n
lp001066,male,yes,0,graduate,yes,9560,0,191,360,1,semiurban,y
lp001068,male,yes,0,graduate,no,2799,2253,122,360,1,semiurban,y
lp001073,male,yes,2,not graduate,no,4226,1040,110,360,1,urban,y
lp001086,male,no,0,not graduate,no,1442,0,35,360,1,urban,n
lp001087,female,no,2,graduate,no,3750,2083,120,360,1,semiurban,y
lp001091,male,yes,1,graduate,no,4166,3369,201,360,1,urban,n
lp001095,male,no,0,graduate,no,3167,0,74,360,1,urban,n
lp001097,male,no,1,graduate,yes,4692,0,106,360,1,rural,n
lp001098,male,yes,0,graduate,no,3500,1667,114,360,1,semiurban,y
lp001100,male,no,3,graduate,no,12500,3000,320,360,1,rural,n
lp001106,male,yes,0,graduate,no,2275,2067,1,360,1,urban,y
lp001109,male,yes,0,graduate,no,1828,1330,100,342,0,urban,n
lp001112,female,yes,0,graduate,no,3667,1459,144,360,1,semiurban,y
lp001114,male,no,0,graduate,no,4166,7210,184,360,1,urban,y
lp001116,male,no,0,not graduate,no,3748,1668,110,360,1,semiurban,y
lp001119,male,no,0,graduate,no,3600,0,80,360,1,urban,n
lp001120,male,no,0,graduate,no,1800,1213,47,360,1,urban,y
lp001123,male,yes,0,graduate,no,2400,0,75,360,1,urban,y
lp001131,male,yes,0,graduate,no,3941,2336,134,360,1,semiurban,y
lp001136,male,yes,0,not graduate,yes,4695,0,96,342,1,urban,y
lp001137,female,no,0,graduate,no,3410,0,88,342,1,urban,y
lp001138,male,yes,1,graduate,no,5649,0,44,360,1,urban,y
lp001144,male,yes,0,graduate,no,5821,0,144,360,1,urban,y
lp001146,female,yes,0,graduate,no,2645,3440,120,360,0,urban,n
lp001151,female,no,0,graduate,no,4000,2275,144,360,1,semiurban,y
lp001155,female,yes,0,not graduate,no,1928,1644,100,360,1,semiurban,y
lp001157,female,no,0,graduate,no,3086,0,120,360,1,semiurban,y
lp001164,female,no,0,graduate,no,4230,0,112,360,1,semiurban,n
lp001179,male,yes,2,graduate,no,4616,0,134,360,1,urban,n
lp001186,female,yes,1,graduate,yes,11500,0,286,360,0,urban,n
lp001194,male,yes,2,graduate,no,2708,1167,97,360,1,semiurban,y
lp001195,male,yes,0,graduate,no,2132,1591,96,360,1,semiurban,y
lp001197,male,yes,0,graduate,no,3366,2200,135,360,1,rural,n
lp001198,male,yes,1,graduate,no,8080,2250,180,360,1,urban,y
lp001199,male,yes,2,not graduate,no,3357,2859,144,360,1,urban,y
lp001205,male,yes,0,graduate,no,2500,3796,120,360,1,urban,y
lp001206,male,yes,3,graduate,no,3029,0,99,360,1,urban,y
lp001207,male,yes,0,not graduate,yes,2609,3449,165,180,0,rural,n
lp001213,male,yes,1,graduate,no,4945,0,1,360,0,rural,n
lp001222,female,no,0,graduate,no,4166,0,116,360,0,semiurban,n
lp001225,male,yes,0,graduate,no,5726,4595,258,360,1,semiurban,n
lp001228,male,no,0,not graduate,no,3200,2254,126,180,0,urban,n
lp001233,male,yes,1,graduate,no,10750,0,312,360,1,urban,y
lp001238,male,yes,3,not graduate,yes,7100,0,125,60,1,urban,y
lp001241,female,no,0,graduate,no,4300,0,136,360,0,semiurban,n
lp001243,male,yes,0,graduate,no,3208,3066,172,360,1,urban,y
lp001245,male,yes,2,not graduate,yes,1875,1875,97,360,1,semiurban,y
lp001248,male,no,0,graduate,no,3500,0,81,300,1,semiurban,y
lp001250,male,yes,3,not graduate,no,4755,0,95,342,0,semiurban,n
lp001253,male,yes,3,graduate,yes,5266,1774,187,360,1,semiurban,y
lp001255,male,no,0,graduate,no,3750,0,113,480,1,urban,n
lp001256,male,no,0,graduate,no,3750,4750,176,360,1,urban,n
lp001259,male,yes,1,graduate,yes,1000,3022,110,360,1,urban,n
lp001263,male,yes,3,graduate,no,3167,4000,180,300,0,semiurban,n
lp001264,male,yes,3,not graduate,yes,3333,2166,130,360,1,semiurban,y
lp001265,female,no,0,graduate,no,3846,0,111,360,1,semiurban,y
lp001266,male,yes,1,graduate,yes,2395,0,1,360,1,semiurban,y
lp001267,female,yes,2,graduate,no,1378,1881,167,360,1,urban,n
lp001273,male,yes,0,graduate,no,6000,2250,265,360,1,semiurban,n
lp001275,male,yes,1,graduate,no,3988,0,50,240,1,urban,y
lp001279,male,no,0,graduate,no,2366,2531,136,360,1,semiurban,y
lp001280,male,yes,2,not graduate,no,3333,2000,99,360,1,semiurban,y
lp001282,male,yes,0,graduate,no,2500,2118,104,360,1,semiurban,y
lp001289,male,no,0,graduate,no,8566,0,210,360,1,urban,y
lp001310,male,yes,0,graduate,no,5695,4167,175,360,1,semiurban,y
lp001316,male,yes,0,graduate,no,2958,2900,131,360,1,semiurban,y
lp001318,male,yes,2,graduate,no,6250,5654,188,180,1,semiurban,y
lp001319,male,yes,2,not graduate,no,3273,1820,81,360,1,urban,y
lp001322,male,no,0,graduate,no,4133,0,122,360,1,semiurban,y
lp001325,male,no,0,not graduate,no,3620,0,25,120,1,semiurban,y
lp001326,male,no,0,graduate,no,6782,0,1,360,1,urban,n
lp001327,female,yes,0,graduate,no,2484,2302,137,360,1,semiurban,y
lp001333,male,yes,0,graduate,no,1977,997,50,360,1,semiurban,y
lp001334,male,yes,0,not graduate,no,4188,0,115,180,1,semiurban,y
lp001343,male,yes,0,graduate,no,1759,3541,131,360,1,semiurban,y
lp001345,male,yes,2,not graduate,no,4288,3263,133,180,1,urban,y
lp001349,male,no,0,graduate,no,4843,3806,151,360,1,semiurban,y
lp001350,male,yes,0,graduate,no,13650,0,1,360,1,urban,y
lp001356,male,yes,0,graduate,no,4652,3583,1,360,1,semiurban,y
lp001357,male,yes,0,graduate,no,3816,754,160,360,1,urban,y
lp001367,male,yes,1,graduate,no,3052,1030,100,360,1,urban,y
lp001369,male,yes,2,graduate,no,11417,1126,225,360,1,urban,y
lp001370,male,no,0,not graduate,no,7333,0,120,360,1,rural,n
lp001379,male,yes,2,graduate,no,3800,3600,216,360,0,urban,n
lp001384,male,yes,3,not graduate,no,2071,754,94,480,1,semiurban,y
lp001385,male,no,0,graduate,no,5316,0,136,360,1,urban,y
lp001387,female,yes,0,graduate,no,2929,2333,139,360,1,semiurban,y
lp001391,male,yes,0,not graduate,no,3572,4114,152,342,0,rural,n
lp001392,female,no,1,graduate,yes,7451,0,1,360,1,semiurban,y
lp001398,male,no,0,graduate,no,5050,0,118,360,1,semiurban,y
lp001401,male,yes,1,graduate,no,14583,0,185,180,1,rural,y
lp001404,female,yes,0,graduate,no,3167,2283,154,360,1,semiurban,y
lp001405,male,yes,1,graduate,no,2214,1398,85,360,1,urban,y
lp001421,male,yes,0,graduate,no,5568,2142,175,360,1,rural,n
lp001422,female,no,0,graduate,no,10408,0,259,360,1,urban,y
lp001426,male,yes,0,graduate,no,5667,2667,180,360,1,rural,y
lp001430,female,no,0,graduate,no,4166,0,44,360,1,semiurban,y
lp001431,female,no,0,graduate,no,2137,8980,137,360,0,semiurban,y
lp001432,male,yes,2,graduate,no,2957,0,81,360,1,semiurban,y
lp001439,male,yes,0,not graduate,no,4300,2014,194,360,1,rural,y
lp001443,female,no,0,graduate,no,3692,0,93,360,1,rural,y
lp001448,male,yes,3,graduate,no,23803,0,370,360,1,rural,y
lp001449,male,no,0,graduate,no,3865,1640,1,360,1,rural,y
lp001451,male,yes,1,graduate,yes,10513,3850,160,180,0,urban,n
lp001465,male,yes,0,graduate,no,6080,2569,182,360,1,rural,n
lp001469,male,no,0,graduate,yes,20166,0,650,480,1,urban,y
lp001473,male,no,0,graduate,no,2014,1929,74,360,1,urban,y
lp001478,male,no,0,graduate,no,2718,0,70,360,1,semiurban,y
lp001482,male,yes,0,graduate,yes,3459,0,25,120,1,semiurban,y
lp001487,male,no,0,graduate,no,4895,0,102,360,1,semiurban,y
lp001488,male,yes,3,graduate,no,4000,7750,290,360,1,semiurban,n
lp001489,female,yes,0,graduate,no,4583,0,84,360,1,rural,n
lp001491,male,yes,2,graduate,yes,3316,3500,88,360,1,urban,y
lp001492,male,no,0,graduate,no,14999,0,242,360,0,semiurban,n
lp001493,male,yes,2,not graduate,no,4200,1430,129,360,1,rural,n
lp001497,male,yes,2,graduate,no,5042,2083,185,360,1,rural,n
lp001498,male,no,0,graduate,no,5417,0,168,360,1,urban,y
lp001504,male,no,0,graduate,yes,6950,0,175,180,1,semiurban,y
lp001507,male,yes,0,graduate,no,2698,2034,122,360,1,semiurban,y
lp001508,male,yes,2,graduate,no,11757,0,187,180,1,urban,y
lp001514,female,yes,0,graduate,no,2330,4486,100,360,1,semiurban,y
lp001516,female,yes,2,graduate,no,14866,0,70,360,1,urban,y
lp001518,male,yes,1,graduate,no,1538,1425,30,360,1,urban,y
lp001519,female,no,0,graduate,no,10000,1666,225,360,1,rural,n
lp001520,male,yes,0,graduate,no,4860,830,125,360,1,semiurban,y
lp001528,male,no,0,graduate,no,6277,0,118,360,0,rural,n
lp001529,male,yes,0,graduate,yes,2577,3750,152,360,1,rural,y
lp001531,male,no,0,graduate,no,9166,0,244,360,1,urban,n
lp001532,male,yes,2,not graduate,no,2281,0,113,360,1,rural,n
lp001535,male,no,0,graduate,no,3254,0,50,360,1,urban,y
lp001536,male,yes,3,graduate,no,39999,0,600,180,0,semiurban,y
lp001541,male,yes,1,graduate,no,6000,0,160,360,1,rural,y
lp001543,male,yes,1,graduate,no,9538,0,187,360,1,urban,y
lp001546,male,no,0,graduate,no,2980,2083,120,360,1,rural,y
lp001552,male,yes,0,graduate,no,4583,5625,255,360,1,semiurban,y
lp001560,male,yes,0,not graduate,no,1863,1041,98,360,1,semiurban,y
lp001562,male,yes,0,graduate,no,7933,0,275,360,1,urban,n
lp001565,male,yes,1,graduate,no,3089,1280,121,360,0,semiurban,n
lp001570,male,yes,2,graduate,no,4167,1447,158,360,1,rural,y
lp001572,male,yes,0,graduate,no,9323,0,75,180,1,urban,y
lp001574,male,yes,0,graduate,no,3707,3166,182,342,1,rural,y
lp001577,female,yes,0,graduate,no,4583,0,112,360,1,rural,n
lp001578,male,yes,0,graduate,no,2439,3333,129,360,1,rural,y
lp001579,male,no,0,graduate,no,2237,0,63,480,0,semiurban,n
lp001580,male,yes,2,graduate,no,8000,0,200,360,1,semiurban,y
lp001581,male,yes,0,not graduate,no,1820,1769,95,360,1,rural,y
lp001585,male,yes,3,graduate,no,51763,0,700,300,1,urban,y
lp001586,male,yes,3,not graduate,no,3522,0,81,180,1,rural,n
lp001594,male,yes,0,graduate,no,5708,5625,187,360,1,semiurban,y
lp001603,male,yes,0,not graduate,yes,4344,736,87,360,1,semiurban,n
lp001606,male,yes,0,graduate,no,3497,1964,116,360,1,rural,y
lp001608,male,yes,2,graduate,no,2045,1619,101,360,1,rural,y
lp001610,male,yes,3,graduate,no,5516,11300,495,360,0,semiurban,n
lp001616,male,yes,1,graduate,no,3750,0,116,360,1,semiurban,y
lp001630,male,no,0,not graduate,no,2333,1451,102,480,0,urban,n
lp001633,male,yes,1,graduate,no,6400,7250,180,360,0,urban,n
lp001634,male,no,0,graduate,no,1916,5063,67,360,1,rural,n
lp001636,male,yes,0,graduate,no,4600,0,73,180,1,semiurban,y
lp001637,male,yes,1,graduate,no,33846,0,260,360,1,semiurban,n
lp001639,female,yes,0,graduate,no,3625,0,108,360,1,semiurban,y
lp001640,male,yes,0,graduate,yes,39147,4750,120,360,1,semiurban,y
lp001641,male,yes,1,graduate,yes,2178,0,66,300,0,rural,n
lp001643,male,yes,0,graduate,no,2383,2138,58,360,1,rural,y
lp001644,male,yes,0,graduate,yes,674,5296,168,360,1,rural,y
lp001647,male,yes,0,graduate,no,9328,0,188,180,1,rural,y
lp001653,male,no,0,not graduate,no,4885,0,48,360,1,rural,y
lp001656,male,no,0,graduate,no,12000,0,164,360,1,semiurban,n
lp001657,male,yes,0,not graduate,no,6033,0,160,360,1,urban,n
lp001658,male,no,0,graduate,no,3858,0,76,360,1,semiurban,y
lp001664,male,no,0,graduate,no,4191,0,120,360,1,rural,y
lp001665,male,yes,1,graduate,no,3125,2583,170,360,1,semiurban,n
lp001666,male,no,0,graduate,no,8333,3750,187,360,1,rural,y
lp001669,female,no,0,not graduate,no,1907,2365,120,342,1,urban,y
lp001671,female,yes,0,graduate,no,3416,2816,113,360,1,semiurban,y
lp001673,male,no,0,graduate,yes,11000,0,83,360,1,urban,n
lp001674,male,yes,1,not graduate,no,2600,2500,90,360,1,semiurban,y
lp001677,male,no,2,graduate,no,4923,0,166,360,0,semiurban,y
lp001682,male,yes,3,not graduate,no,3992,0,1,180,1,urban,n
lp001688,male,yes,1,not graduate,no,3500,1083,135,360,1,urban,y
lp001691,male,yes,2,not graduate,no,3917,0,124,360,1,semiurban,y
lp001692,female,no,0,not graduate,no,4408,0,120,360,1,semiurban,y
lp001693,female,no,0,graduate,no,3244,0,80,360,1,urban,y
lp001698,male,no,0,not graduate,no,3975,2531,55,360,1,rural,y
lp001699,male,no,0,graduate,no,2479,0,59,360,1,urban,y
lp001702,male,no,0,graduate,no,3418,0,127,360,1,semiurban,n
lp001708,female,no,0,graduate,no,10000,0,214,360,1,semiurban,n
lp001711,male,yes,3,graduate,no,3430,1250,128,360,0,semiurban,n
lp001713,male,yes,1,graduate,yes,7787,0,240,360,1,urban,y
lp001715,male,yes,3,not graduate,yes,5703,0,130,360,1,rural,y
lp001716,male,yes,0,graduate,no,3173,3021,137,360,1,urban,y
lp001720,male,yes,3,not graduate,no,3850,983,100,360,1,semiurban,y
lp001722,male,yes,0,graduate,no,150,1800,135,360,1,rural,n
lp001726,male,yes,0,graduate,no,3727,1775,131,360,1,semiurban,y
lp001732,male,yes,2,graduate,no,5000,0,72,360,0,semiurban,n
lp001734,female,yes,2,graduate,no,4283,2383,127,360,1,semiurban,y
lp001736,male,yes,0,graduate,no,2221,0,60,360,0,urban,n
lp001743,male,yes,2,graduate,no,4009,1717,116,360,1,semiurban,y
lp001744,male,no,0,graduate,no,2971,2791,144,360,1,semiurban,y
lp001749,male,yes,0,graduate,no,7578,1010,175,342,1,semiurban,y
lp001750,male,yes,0,graduate,no,6250,0,128,360,1,semiurban,y
lp001751,male,yes,0,graduate,no,3250,0,170,360,1,rural,n
lp001754,male,yes,0,not graduate,yes,4735,0,138,360,1,urban,n
lp001758,male,yes,2,graduate,no,6250,1695,210,360,1,semiurban,y
lp001760,male,yes,0,graduate,no,4758,0,158,480,1,semiurban,y
lp001761,male,no,0,graduate,yes,6400,0,200,360,1,rural,y
lp001765,male,yes,1,graduate,no,2491,2054,104,360,1,semiurban,y
lp001768,male,yes,0,graduate,no,3716,0,42,180,1,rural,y
lp001770,male,no,0,not graduate,no,3189,2598,120,342,1,rural,y
lp001776,female,no,0,graduate,no,8333,0,280,360,1,semiurban,y
lp001778,male,yes,1,graduate,no,3155,1779,140,360,1,semiurban,y
lp001784,male,yes,1,graduate,no,5500,1260,170,360,1,rural,y
lp001786,male,yes,0,graduate,no,5746,0,255,360,1,urban,n
lp001788,female,no,0,graduate,yes,3463,0,122,360,1,urban,y
lp001790,female,no,1,graduate,no,3812,0,112,360,1,rural,y
lp001792,male,yes,1,graduate,no,3315,0,96,360,1,semiurban,y
lp001798,male,yes,2,graduate,no,5819,5000,120,360,1,rural,y
lp001800,male,yes,1,not graduate,no,2510,1983,140,180,1,urban,n
lp001806,male,no,0,graduate,no,2965,5701,155,60,1,urban,y
lp001807,male,yes,2,graduate,yes,6250,1300,108,360,1,rural,y
lp001811,male,yes,0,not graduate,no,3406,4417,123,360,1,semiurban,y
lp001813,male,no,0,graduate,yes,6050,4333,120,180,1,urban,n
lp001814,male,yes,2,graduate,no,9703,0,112,360,1,urban,y
lp001819,male,yes,1,not graduate,no,6608,0,137,180,1,urban,y
lp001824,male,yes,1,graduate,no,2882,1843,123,480,1,semiurban,y
lp001825,male,yes,0,graduate,no,1809,1868,90,360,1,urban,y
lp001835,male,yes,0,not graduate,no,1668,3890,201,360,0,semiurban,n
lp001836,female,no,2,graduate,no,3427,0,138,360,1,urban,n
lp001841,male,no,0,not graduate,yes,2583,2167,104,360,1,rural,y
lp001843,male,yes,1,not graduate,no,2661,7101,279,180,1,semiurban,y
lp001844,male,no,0,graduate,yes,16250,0,192,360,0,urban,n
lp001846,female,no,3,graduate,no,3083,0,255,360,1,rural,y
lp001849,male,no,0,not graduate,no,6045,0,115,360,0,rural,n
lp001854,male,yes,3,graduate,no,5250,0,94,360,1,urban,n
lp001859,male,yes,0,graduate,no,14683,2100,304,360,1,rural,n
lp001864,male,yes,3,not graduate,no,4931,0,128,360,1,semiurban,n
lp001865,male,yes,1,graduate,no,6083,4250,330,360,1,urban,y
lp001868,male,no,0,graduate,no,2060,2209,134,360,1,semiurban,y
lp001870,female,no,1,graduate,no,3481,0,155,36,1,semiurban,n
lp001871,female,no,0,graduate,no,7200,0,120,360,1,rural,y
lp001872,male,no,0,graduate,yes,5166,0,128,360,1,semiurban,y
lp001875,male,no,0,graduate,no,4095,3447,151,360,1,rural,y
lp001877,male,yes,2,graduate,no,4708,1387,150,360,1,semiurban,y
lp001882,male,yes,3,graduate,no,4333,1811,160,360,0,urban,y
lp001883,female,no,0,graduate,no,3418,0,135,360,1,rural,n
lp001884,female,no,1,graduate,no,2876,1560,90,360,1,urban,y
lp001888,female,no,0,graduate,no,3237,0,30,360,1,urban,y
lp001891,male,yes,0,graduate,no,11146,0,136,360,1,urban,y
lp001892,male,no,0,graduate,no,2833,1857,126,360,1,rural,y
lp001894,male,yes,0,graduate,no,2620,2223,150,360,1,semiurban,y
lp001896,male,yes,2,graduate,no,3900,0,90,360,1,semiurban,y
lp001900,male,yes,1,graduate,no,2750,1842,115,360,1,semiurban,y
lp001903,male,yes,0,graduate,no,3993,3274,207,360,1,semiurban,y
lp001904,male,yes,0,graduate,no,3103,1300,80,360,1,urban,y
lp001907,male,yes,0,graduate,no,14583,0,436,360,1,semiurban,y
lp001908,female,yes,0,not graduate,no,4100,0,124,360,1,rural,y
lp001910,male,no,1,not graduate,yes,4053,2426,158,360,0,urban,n
lp001914,male,yes,0,graduate,no,3927,800,112,360,1,semiurban,y
lp001915,male,yes,2,graduate,no,2301,985,78,180,1,urban,y
lp001917,female,no,0,graduate,no,1811,1666,54,360,1,urban,y
lp001922,male,yes,0,graduate,no,20667,0,1,360,1,rural,n
lp001924,male,no,0,graduate,no,3158,3053,89,360,1,rural,y
lp001925,female,no,0,graduate,yes,2600,1717,99,300,1,semiurban,n
lp001926,male,yes,0,graduate,no,3704,2000,120,360,1,rural,y
lp001931,female,no,0,graduate,no,4124,0,115,360,1,semiurban,y
lp001935,male,no,0,graduate,no,9508,0,187,360,1,rural,y
lp001936,male,yes,0,graduate,no,3075,2416,139,360,1,rural,y
lp001938,male,yes,2,graduate,no,4400,0,127,360,0,semiurban,n
lp001940,male,yes,2,graduate,no,3153,1560,134,360,1,urban,y
lp001945,female,no,0,graduate,no,5417,0,143,480,0,urban,n
lp001947,male,yes,0,graduate,no,2383,3334,172,360,1,semiurban,y
lp001949,male,yes,3,graduate,no,4416,1250,110,360,1,urban,y
lp001953,male,yes,1,graduate,no,6875,0,200,360,1,semiurban,y
lp001954,female,yes,1,graduate,no,4666,0,135,360,1,urban,y
lp001955,female,no,0,graduate,no,5000,2541,151,480,1,rural,n
lp001963,male,yes,1,graduate,no,2014,2925,113,360,1,urban,n
lp001964,male,yes,0,not graduate,no,1800,2934,93,360,0,urban,n
lp001972,male,yes,0,not graduate,no,2875,1750,105,360,1,semiurban,y
lp001974,female,no,0,graduate,no,5000,0,132,360,1,rural,y
lp001977,male,yes,1,graduate,no,1625,1803,96,360,1,urban,y
lp001978,male,no,0,graduate,no,4000,2500,140,360,1,rural,y
lp001990,male,no,0,not graduate,no,2000,0,1,360,1,urban,n
lp001993,female,no,0,graduate,no,3762,1666,135,360,1,rural,y
lp001994,female,no,0,graduate,no,2400,1863,104,360,0,urban,n
lp001996,male,no,0,graduate,no,20233,0,480,360,1,rural,n
lp001998,male,yes,2,not graduate,no,7667,0,185,360,1,rural,y
lp002002,female,no,0,graduate,no,2917,0,84,360,1,semiurban,y
lp002004,male,no,0,not graduate,no,2927,2405,111,360,1,semiurban,y
lp002006,female,no,0,graduate,no,2507,0,56,360,1,rural,y
lp002008,male,yes,2,graduate,yes,5746,0,144,84,1,rural,y
lp002024,male,yes,0,graduate,no,2473,1843,159,360,1,rural,n
lp002031,male,yes,1,not graduate,no,3399,1640,111,180,1,urban,y
lp002035,male,yes,2,graduate,no,3717,0,120,360,1,semiurban,y
lp002036,male,yes,0,graduate,no,2058,2134,88,360,1,urban,y
lp002043,female,no,1,graduate,no,3541,0,112,360,1,semiurban,y
lp002050,male,yes,1,graduate,yes,10000,0,155,360,1,rural,n
lp002051,male,yes,0,graduate,no,2400,2167,115,360,1,semiurban,y
lp002053,male,yes,3,graduate,no,4342,189,124,360,1,semiurban,y
lp002054,male,yes,2,not graduate,no,3601,1590,1,360,1,rural,y
lp002055,female,no,0,graduate,no,3166,2985,132,360,1,rural,y
lp002065,male,yes,3,graduate,no,15000,0,300,360,1,rural,y
lp002067,male,yes,1,graduate,yes,8666,4983,376,360,0,rural,n
lp002068,male,no,0,graduate,no,4917,0,130,360,0,rural,y
lp002082,male,yes,0,graduate,yes,5818,2160,184,360,1,semiurban,y
lp002086,female,yes,0,graduate,no,4333,2451,110,360,1,urban,n
lp002087,female,no,0,graduate,no,2500,0,67,360,1,urban,y
lp002097,male,no,1,graduate,no,4384,1793,117,360,1,urban,y
lp002098,male,no,0,graduate,no,2935,0,98,360,1,semiurban,y
lp002100,male,no,0,graduate,no,2833,0,71,360,1,urban,y
lp002101,male,yes,0,graduate,no,63337,0,490,180,1,urban,y
lp002103,male,yes,1,graduate,yes,9833,1833,182,180,1,urban,y
lp002106,male,yes,0,graduate,yes,5503,4490,70,342,1,semiurban,y
lp002110,male,yes,1,graduate,no,5250,688,160,360,1,rural,y
lp002112,male,yes,2,graduate,yes,2500,4600,176,360,1,rural,y
lp002113,female,no,3,not graduate,no,1830,0,1,360,0,urban,n
lp002114,female,no,0,graduate,no,4160,0,71,360,1,semiurban,y
lp002115,male,yes,3,not graduate,no,2647,1587,173,360,1,rural,n
lp002116,female,no,0,graduate,no,2378,0,46,360,1,rural,n
lp002119,male,yes,1,not graduate,no,4554,1229,158,360,1,urban,y
lp002126,male,yes,3,not graduate,no,3173,0,74,360,1,semiurban,y
lp002128,male,yes,2,graduate,no,2583,2330,125,360,1,rural,y
lp002129,male,yes,0,graduate,no,2499,2458,160,360,1,semiurban,y
lp002130,male,yes,0,not graduate,no,3523,3230,152,360,0,rural,n
lp002131,male,yes,2,not graduate,no,3083,2168,126,360,1,urban,y
lp002137,male,yes,0,graduate,no,6333,4583,259,360,1,semiurban,y
lp002138,male,yes,0,graduate,no,2625,6250,187,360,1,rural,y
lp002139,male,yes,0,graduate,no,9083,0,228,360,1,semiurban,y
lp002140,male,no,0,graduate,no,8750,4167,308,360,1,rural,n
lp002141,male,yes,3,graduate,no,2666,2083,95,360,1,rural,y
lp002142,female,yes,0,graduate,yes,5500,0,105,360,0,rural,n
lp002143,female,yes,0,graduate,no,2423,505,130,360,1,semiurban,y
lp002144,female,no,0,graduate,no,3813,0,116,180,1,urban,y
lp002149,male,yes,2,graduate,no,8333,3167,165,360,1,rural,y
lp002151,male,yes,1,graduate,no,3875,0,67,360,1,urban,n
lp002158,male,yes,0,not graduate,no,3000,1666,100,480,0,urban,n
lp002160,male,yes,3,graduate,no,5167,3167,200,360,1,semiurban,y
lp002161,female,no,1,graduate,no,4723,0,81,360,1,semiurban,n
lp002170,male,yes,2,graduate,no,5000,3667,236,360,1,semiurban,y
lp002175,male,yes,0,graduate,no,4750,2333,130,360,1,urban,y
lp002178,male,yes,0,graduate,no,3013,3033,95,300,1,urban,y
lp002180,male,no,0,graduate,yes,6822,0,141,360,1,rural,y
lp002181,male,no,0,not graduate,no,6216,0,133,360,1,rural,n
lp002187,male,no,0,graduate,no,2500,0,96,480,1,semiurban,n
lp002188,male,no,0,graduate,no,5124,0,124,342,0,rural,n
lp002190,male,yes,1,graduate,no,6325,0,175,360,1,semiurban,y
lp002191,male,yes,0,graduate,no,19730,5266,570,360,1,rural,n
lp002194,female,no,0,graduate,yes,15759,0,55,360,1,semiurban,y
lp002197,male,yes,2,graduate,no,5185,0,155,360,1,semiurban,y
lp002201,male,yes,2,graduate,yes,9323,7873,380,300,1,rural,y
lp002205,male,no,1,graduate,no,3062,1987,111,180,0,urban,n
lp002209,female,no,0,graduate,no,2764,1459,110,360,1,urban,y
lp002211,male,yes,0,graduate,no,4817,923,120,180,1,urban,y
lp002219,male,yes,3,graduate,no,8750,4996,130,360,1,rural,y
lp002223,male,yes,0,graduate,no,4310,0,130,360,1,semiurban,y
lp002224,male,no,0,graduate,no,3069,0,71,480,1,urban,n
lp002225,male,yes,2,graduate,no,5391,0,130,360,1,urban,y
lp002226,male,yes,0,graduate,no,3333,2500,128,360,1,semiurban,y
lp002229,male,no,0,graduate,no,5941,4232,296,360,1,semiurban,y
lp002231,female,no,0,graduate,no,6000,0,156,360,1,urban,y
lp002234,male,no,0,graduate,yes,7167,0,128,360,1,urban,y
lp002236,male,yes,2,graduate,no,4566,0,100,360,1,urban,n
lp002237,male,no,1,graduate,no,3667,0,113,180,1,urban,y
lp002239,male,no,0,not graduate,no,2346,1600,132,360,1,semiurban,y
lp002243,male,yes,0,not graduate,no,3010,3136,1,360,0,urban,n
lp002244,male,yes,0,graduate,no,2333,2417,136,360,1,urban,y
lp002250,male,yes,0,graduate,no,5488,0,125,360,1,rural,y
lp002255,male,no,3,graduate,no,9167,0,185,360,1,rural,y
lp002262,male,yes,3,graduate,no,9504,0,275,360,1,rural,y
lp002263,male,yes,0,graduate,no,2583,2115,120,360,1,urban,y
lp002265,male,yes,2,not graduate,no,1993,1625,113,180,1,semiurban,y
lp002266,male,yes,2,graduate,no,3100,1400,113,360,1,urban,y
lp002272,male,yes,2,graduate,no,3276,484,135,360,1,semiurban,y
lp002277,female,no,0,graduate,no,3180,0,71,360,0,urban,n
lp002281,male,yes,0,graduate,no,3033,1459,95,360,1,urban,y
lp002284,male,no,0,not graduate,no,3902,1666,109,360,1,rural,y
lp002287,female,no,0,graduate,no,1500,1800,103,360,0,semiurban,n
lp002288,male,yes,2,not graduate,no,2889,0,45,180,0,urban,n
lp002296,male,no,0,not graduate,no,2755,0,65,300,1,rural,n
lp002297,male,no,0,graduate,no,2500,20000,103,360,1,semiurban,y
lp002300,female,no,0,not graduate,no,1963,0,53,360,1,semiurban,y
lp002301,female,no,0,graduate,yes,7441,0,194,360,1,rural,n
lp002305,female,no,0,graduate,no,4547,0,115,360,1,semiurban,y
lp002308,male,yes,0,not graduate,no,2167,2400,115,360,1,urban,y
lp002314,female,no,0,not graduate,no,2213,0,66,360,1,rural,y
lp002315,male,yes,1,graduate,no,8300,0,152,300,0,semiurban,n
lp002317,male,yes,3,graduate,no,81000,0,360,360,0,rural,n
lp002318,female,no,1,not graduate,yes,3867,0,62,360,1,semiurban,n
lp002319,male,yes,0,graduate,no,6256,0,160,360,1,urban,y
lp002328,male,yes,0,not graduate,no,6096,0,218,360,0,rural,n
lp002332,male,yes,0,not graduate,no,2253,2033,110,360,1,rural,y
lp002335,female,yes,0,not graduate,no,2149,3237,178,360,0,semiurban,n
lp002337,female,no,0,graduate,no,2995,0,60,360,1,urban,y
lp002341,female,no,1,graduate,no,2600,0,160,360,1,urban,n
lp002342,male,yes,2,graduate,yes,1600,20000,239,360,1,urban,n
lp002345,male,yes,0,graduate,no,1025,2773,112,360,1,rural,y
lp002347,male,yes,0,graduate,no,3246,1417,138,360,1,semiurban,y
lp002348,male,yes,0,graduate,no,5829,0,138,360,1,rural,y
lp002357,female,no,0,not graduate,no,2720,0,80,342,0,urban,n
lp002361,male,yes,0,graduate,no,1820,1719,100,360,1,urban,y
lp002362,male,yes,1,graduate,no,7250,1667,110,342,0,urban,n
lp002364,male,yes,0,graduate,no,14880,0,96,360,1,semiurban,y
lp002366,male,yes,0,graduate,no,2666,4300,121,360,1,rural,y
lp002367,female,no,1,not graduate,no,4606,0,81,360,1,rural,n
lp002368,male,yes,2,graduate,no,5935,0,133,360,1,semiurban,y
lp002369,male,yes,0,graduate,no,2920,16,87,360,1,rural,y
lp002370,male,no,0,not graduate,no,2717,0,60,180,1,urban,y
lp002377,female,no,1,graduate,yes,8624,0,150,360,1,semiurban,y
lp002379,male,no,0,graduate,no,6500,0,105,360,0,rural,n
lp002386,male,no,0,graduate,no,12876,0,405,360,1,semiurban,y
lp002387,male,yes,0,graduate,no,2425,2340,143,360,1,semiurban,y
lp002390,male,no,0,graduate,no,3750,0,100,360,1,urban,y
lp002393,female,yes,0,graduate,no,10047,0,1,240,1,semiurban,y
lp002398,male,no,0,graduate,no,1926,1851,50,360,1,semiurban,y
lp002401,male,yes,0,graduate,no,2213,1125,1,360,1,urban,y
lp002403,male,no,0,graduate,yes,10416,0,187,360,0,urban,n
lp002407,female,yes,0,not graduate,yes,7142,0,138,360,1,rural,y
lp002408,male,no,0,graduate,no,3660,5064,187,360,1,semiurban,y
lp002409,male,yes,0,graduate,no,7901,1833,180,360,1,rural,y
lp002418,male,no,3,not graduate,no,4707,1993,148,360,1,semiurban,y
lp002422,male,no,1,graduate,no,37719,0,152,360,1,semiurban,y
lp002424,male,yes,0,graduate,no,7333,8333,175,300,1,rural,y
lp002429,male,yes,1,graduate,yes,3466,1210,130,360,1,rural,y
lp002434,male,yes,2,not graduate,no,4652,0,110,360,1,rural,y
lp002435,male,yes,0,graduate,no,3539,1376,55,360,1,rural,n
lp002443,male,yes,2,graduate,no,3340,1710,150,360,0,rural,n
lp002444,male,no,1,not graduate,yes,2769,1542,190,360,1,semiurban,n
lp002446,male,yes,2,not graduate,no,2309,1255,125,360,0,rural,n
lp002447,male,yes,2,not graduate,no,1958,1456,60,300,1,urban,y
lp002448,male,yes,0,graduate,no,3948,1733,149,360,0,rural,n
lp002449,male,yes,0,graduate,no,2483,2466,90,180,0,rural,y
lp002453,male,no,0,graduate,yes,7085,0,84,360,1,semiurban,y
lp002455,male,yes,2,graduate,no,3859,0,96,360,1,semiurban,y
lp002459,male,yes,0,graduate,no,4301,0,118,360,1,urban,y
lp002467,male,yes,0,graduate,no,3708,2569,173,360,1,urban,n
lp002472,male,no,2,graduate,no,4354,0,136,360,1,rural,y
lp002473,male,yes,0,graduate,no,8334,0,160,360,1,semiurban,n
lp002478,male,yes,0,graduate,yes,2083,4083,160,360,1,semiurban,y
lp002484,male,yes,3,graduate,no,7740,0,128,180,1,urban,y
lp002487,male,yes,0,graduate,no,3015,2188,153,360,1,rural,y
lp002489,female,no,1,not graduate,no,5191,0,132,360,1,semiurban,y
lp002493,male,no,0,graduate,no,4166,0,98,360,0,semiurban,n
lp002494,male,no,0,graduate,no,6000,0,140,360,1,rural,y
lp002500,male,yes,3,not graduate,no,2947,1664,70,180,0,urban,n
lp002501,male,yes,0,graduate,no,16692,0,110,360,1,semiurban,y
lp002502,female,yes,2,not graduate,no,210,2917,98,360,1,semiurban,y
lp002505,male,yes,0,graduate,no,4333,2451,110,360,1,urban,n
lp002515,male,yes,1,graduate,yes,3450,2079,162,360,1,semiurban,y
lp002517,male,yes,1,not graduate,no,2653,1500,113,180,0,rural,n
lp002519,male,yes,3,graduate,no,4691,0,100,360,1,semiurban,y
lp002522,female,no,0,graduate,yes,2500,0,93,360,1,urban,y
lp002524,male,no,2,graduate,no,5532,4648,162,360,1,rural,y
lp002527,male,yes,2,graduate,yes,16525,1014,150,360,1,rural,y
lp002529,male,yes,2,graduate,no,6700,1750,230,300,1,semiurban,y
lp002530,male,yes,2,graduate,no,2873,1872,132,360,0,semiurban,n
lp002531,male,yes,1,graduate,yes,16667,2250,86,360,1,semiurban,y
lp002533,male,yes,2,graduate,no,2947,1603,1,360,1,urban,n
lp002534,female,no,0,not graduate,no,4350,0,154,360,1,rural,y
lp002536,male,yes,3,not graduate,no,3095,0,113,360,1,rural,y
lp002537,male,yes,0,graduate,no,2083,3150,128,360,1,semiurban,y
lp002541,male,yes,0,graduate,no,10833,0,234,360,1,semiurban,y
lp002543,male,yes,2,graduate,no,8333,0,246,360,1,semiurban,y
lp002544,male,yes,1,not graduate,no,1958,2436,131,360,1,rural,y
lp002545,male,no,2,graduate,no,3547,0,80,360,0,rural,n
lp002547,male,yes,1,graduate,no,18333,0,500,360,1,urban,n
lp002555,male,yes,2,graduate,yes,4583,2083,160,360,1,semiurban,y
lp002556,male,no,0,graduate,no,2435,0,75,360,1,urban,n
lp002560,male,no,0,not graduate,no,2699,2785,96,360,1,semiurban,y
lp002562,male,yes,1,not graduate,no,5333,1131,186,360,1,urban,y
lp002571,male,no,0,not graduate,no,3691,0,110,360,1,rural,y
lp002582,female,no,0,not graduate,yes,17263,0,225,360,1,semiurban,y
lp002585,male,yes,0,graduate,no,3597,2157,119,360,0,rural,n
lp002586,female,yes,1,graduate,no,3326,913,105,84,1,semiurban,y
lp002587,male,yes,0,not graduate,no,2600,1700,107,360,1,rural,y
lp002588,male,yes,0,graduate,no,4625,2857,111,12,1,urban,y
lp002600,male,yes,1,graduate,yes,2895,0,95,360,1,semiurban,y
lp002602,male,no,0,graduate,no,6283,4416,209,360,0,rural,n
lp002603,female,no,0,graduate,no,645,3683,113,480,1,rural,y
lp002606,female,no,0,graduate,no,3159,0,100,360,1,semiurban,y
lp002615,male,yes,2,graduate,no,4865,5624,208,360,1,semiurban,y
lp002618,male,yes,1,not graduate,no,4050,5302,138,360,1,rural,n
lp002619,male,yes,0,not graduate,no,3814,1483,124,300,1,semiurban,y
lp002622,male,yes,2,graduate,no,3510,4416,243,360,1,rural,y
lp002624,male,yes,0,graduate,no,20833,6667,480,360,1,urban,y
lp002625,male,no,0,graduate,no,3583,0,96,360,1,urban,n
lp002626,male,yes,0,graduate,yes,2479,3013,188,360,1,urban,y
lp002634,female,no,1,graduate,no,13262,0,40,360,1,urban,y
lp002637,male,no,0,not graduate,no,3598,1287,100,360,1,rural,n
lp002640,male,yes,1,graduate,no,6065,2004,250,360,1,semiurban,y
lp002643,male,yes,2,graduate,no,3283,2035,148,360,1,urban,y
lp002648,male,yes,0,graduate,no,2130,6666,70,180,1,semiurban,n
lp002652,male,no,0,graduate,no,5815,3666,311,360,1,rural,n
lp002659,male,yes,3,graduate,no,3466,3428,150,360,1,rural,y
lp002670,female,yes,2,graduate,no,2031,1632,113,480,1,semiurban,y
lp002682,male,yes,0,not graduate,no,3074,1800,123,360,0,semiurban,n
lp002683,male,no,0,graduate,no,4683,1915,185,360,1,semiurban,n
lp002684,female,no,0,not graduate,no,3400,0,95,360,1,rural,n
lp002689,male,yes,2,not graduate,no,2192,1742,45,360,1,semiurban,y
lp002690,male,no,0,graduate,no,2500,0,55,360,1,semiurban,y
lp002692,male,yes,3,graduate,yes,5677,1424,100,360,1,rural,y
lp002693,male,yes,2,graduate,yes,7948,7166,480,360,1,rural,y
lp002697,male,no,0,graduate,no,4680,2087,1,360,1,semiurban,n
lp002699,male,yes,2,graduate,yes,17500,0,400,360,1,rural,y
lp002705,male,yes,0,graduate,no,3775,0,110,360,1,semiurban,y
lp002706,male,yes,1,not graduate,no,5285,1430,161,360,0,semiurban,y
lp002714,male,no,1,not graduate,no,2679,1302,94,360,1,semiurban,y
lp002716,male,no,0,not graduate,no,6783,0,130,360,1,semiurban,y
lp002717,male,yes,0,graduate,no,1025,5500,216,360,1,rural,y
lp002720,male,yes,3,graduate,no,4281,0,100,360,1,urban,y
lp002723,male,no,2,graduate,no,3588,0,110,360,0,rural,n
lp002729,male,no,1,graduate,no,11250,0,196,360,1,semiurban,n
lp002731,female,no,0,not graduate,yes,18165,0,125,360,1,urban,y
lp002732,male,no,0,not graduate,no,2550,2042,126,360,1,rural,y
lp002734,male,yes,0,graduate,no,6133,3906,324,360,1,urban,y
lp002738,male,no,2,graduate,no,3617,0,107,360,1,semiurban,y
lp002739,male,yes,0,not graduate,no,2917,536,66,360,1,rural,n
lp002740,male,yes,3,graduate,no,6417,0,157,180,1,rural,y
lp002741,female,yes,1,graduate,no,4608,2845,140,180,1,semiurban,y
lp002743,female,no,0,graduate,no,2138,0,99,360,0,semiurban,n
lp002753,female,no,1,graduate,no,3652,0,95,360,1,semiurban,y
lp002755,male,yes,1,not graduate,no,2239,2524,128,360,1,urban,y
lp002757,female,yes,0,not graduate,no,3017,663,102,360,1,semiurban,y
lp002767,male,yes,0,graduate,no,2768,1950,155,360,1,rural,y
lp002768,male,no,0,not graduate,no,3358,0,80,36,1,semiurban,n
lp002772,male,no,0,graduate,no,2526,1783,145,360,1,rural,y
lp002776,female,no,0,graduate,no,5000,0,103,360,0,semiurban,n
lp002777,male,yes,0,graduate,no,2785,2016,110,360,1,rural,y
lp002778,male,yes,2,graduate,yes,6633,0,1,360,0,rural,n
lp002784,male,yes,1,not graduate,no,2492,2375,1,360,1,rural,y
lp002785,male,yes,1,graduate,no,3333,3250,158,360,1,urban,y
lp002788,male,yes,0,not graduate,no,2454,2333,181,360,0,urban,n
lp002789,male,yes,0,graduate,no,3593,4266,132,180,0,rural,n
lp002792,male,yes,1,graduate,no,5468,1032,26,360,1,semiurban,y
lp002794,female,no,0,graduate,no,2667,1625,84,360,1,urban,y
lp002795,male,yes,3,graduate,yes,10139,0,260,360,1,semiurban,y
lp002798,male,yes,0,graduate,no,3887,2669,162,360,1,semiurban,y
lp002804,female,yes,0,graduate,no,4180,2306,182,360,1,semiurban,y
lp002807,male,yes,2,not graduate,no,3675,242,108,360,1,semiurban,y
lp002813,female,yes,1,graduate,yes,19484,0,600,360,1,semiurban,y
lp002820,male,yes,0,graduate,no,5923,2054,211,360,1,rural,y
lp002821,male,no,0,not graduate,yes,5800,0,132,360,1,semiurban,y
lp002832,male,yes,2,graduate,no,8799,0,258,360,0,urban,n
lp002833,male,yes,0,not graduate,no,4467,0,120,360,1,rural,y
lp002836,male,no,0,graduate,no,3333,0,70,360,1,urban,y
lp002837,male,yes,3,graduate,no,3400,2500,123,360,0,rural,n
lp002840,female,no,0,graduate,no,2378,0,9,360,1,urban,n
lp002841,male,yes,0,graduate,no,3166,2064,104,360,0,urban,n
lp002842,male,yes,1,graduate,no,3417,1750,186,360,1,urban,y
lp002847,male,yes,0,graduate,no,5116,1451,165,360,0,urban,n
lp002855,male,yes,2,graduate,no,16666,0,275,360,1,urban,y
lp002862,male,yes,2,not graduate,no,6125,1625,187,480,1,semiurban,n
lp002863,male,yes,3,graduate,no,6406,0,150,360,1,semiurban,n
lp002868,male,yes,2,graduate,no,3159,461,108,84,1,urban,y
lp002872,male,yes,0,graduate,no,3087,2210,136,360,0,semiurban,n
lp002874,male,no,0,graduate,no,3229,2739,110,360,1,urban,y
lp002877,male,yes,1,graduate,no,1782,2232,107,360,1,rural,y
lp002888,male,no,0,graduate,no,3182,2917,161,360,1,urban,y
lp002892,male,yes,2,graduate,no,6540,0,205,360,1,semiurban,y
lp002893,male,no,0,graduate,no,1836,33837,90,360,1,urban,n
lp002894,female,yes,0,graduate,no,3166,0,36,360,1,semiurban,y
lp002898,male,yes,1,graduate,no,1880,0,61,360,1,rural,n
lp002911,male,yes,1,graduate,no,2787,1917,146,360,0,rural,n
lp002912,male,yes,1,graduate,no,4283,3000,172,84,1,rural,n
lp002916,male,yes,0,graduate,no,2297,1522,104,360,1,urban,y
lp002917,female,no,0,not graduate,no,2165,0,70,360,1,semiurban,y
lp002925,male,no,0,graduate,no,4750,0,94,360,1,semiurban,y
lp002926,male,yes,2,graduate,yes,2726,0,106,360,0,semiurban,n
lp002928,male,yes,0,graduate,no,3000,3416,56,180,1,semiurban,y
lp002931,male,yes,2,graduate,yes,6000,0,205,240,1,semiurban,n
lp002933,male,no,3,graduate,yes,9357,0,292,360,1,semiurban,y
lp002936,male,yes,0,graduate,no,3859,3300,142,180,1,rural,y
lp002938,male,yes,0,graduate,yes,16120,0,260,360,1,urban,y
lp002940,male,no,0,not graduate,no,3833,0,110,360,1,rural,y
lp002941,male,yes,2,not graduate,yes,6383,1000,187,360,1,rural,n
lp002943,male,no,0,graduate,no,2987,0,88,360,0,semiurban,n
lp002945,male,yes,0,graduate,yes,9963,0,180,360,1,rural,y
lp002948,male,yes,2,graduate,no,5780,0,192,360,1,urban,y
lp002949,female,no,3,graduate,no,416,41667,350,180,1,urban,n
lp002950,male,yes,0,not graduate,no,2894,2792,155,360,1,rural,y
lp002953,male,yes,3,graduate,no,5703,0,128,360,1,urban,y
lp002958,male,no,0,graduate,no,3676,4301,172,360,1,rural,y
lp002959,female,yes,1,graduate,no,12000,0,496,360,1,semiurban,y
lp002960,male,yes,0,not graduate,no,2400,3800,1,180,1,urban,n
lp002961,male,yes,1,graduate,no,3400,2500,173,360,1,semiurban,y
lp002964,male,yes,2,not graduate,no,3987,1411,157,360,1,rural,y
lp002974,male,yes,0,graduate,no,3232,1950,108,360,1,rural,y
lp002978,female,no,0,graduate,no,2900,0,71,360,1,rural,y
lp002979,male,yes,3,graduate,no,4106,0,40,180,1,rural,y
lp002983,male,yes,1,graduate,no,8072,240,253,360,1,urban,y
lp002984,male,yes,2,graduate,no,7583,0,187,360,1,urban,y
lp002990,female,no,0,graduate,yes,4583,0,133,360,0,semiurban,n
